{
  "coils": [
    {
      "name": "coil1",
      "position": [
        [0.0, 1.0471975511965976],
        [1.0, 1.0471975511965976]
      ],
      "flux": {
        "time": [
          0.0, 0.01, 0.02, 0.03, 0.04, 0.05, 0.06, 0.07, 0.08, 0.09, 0.1, 0.11,
          0.12, 0.13, 0.14, 0.15, 0.16, 0.17, 0.18, 0.19, 0.2, 0.21, 0.22, 0.23,
          0.24, 0.25, 0.26, 0.27, 0.28, 0.29, 0.3, 0.31, 0.32, 0.33, 0.34, 0.35,
          0.36, 0.37, 0.38, 0.39, 0.4, 0.41, 0.42, 0.43, 0.44, 0.45, 0.46, 0.47,
          0.48, 0.49, 0.5, 0.51, 0.52, 0.53, 0.54, 0.55, 0.56, 0.57, 0.58, 0.59,
          0.6, 0.61, 0.62, 0.63, 0.64, 0.65, 0.66, 0.67, 0.68, 0.69, 0.7, 0.71,
          0.72, 0.73, 0.74, 0.75, 0.76, 0.77, 0.78, 0.79, 0.8, 0.81, 0.82, 0.83,
          0.84, 0.85, 0.86, 0.87, 0.88, 0.89, 0.9, 0.91, 0.92, 0.93, 0.94, 0.95,
          0.96, 0.97, 0.98, 0.99
        ],
        "data": [
          0.0, 0.00999983, 0.01999867, 0.0299955, 0.03998933, 0.04997917,
          0.05996401, 0.06994285, 0.07991469, 0.08987855, 0.09983342, 0.1097783,
          0.11971221, 0.12963414, 0.13954311, 0.14943813, 0.15931821,
          0.16918235, 0.17902957, 0.18885889, 0.19866933, 0.2084599, 0.21822962,
          0.22797752, 0.23770263, 0.24740396, 0.25708055, 0.26673144,
          0.27635565, 0.28595223, 0.29552021, 0.30505864, 0.31456656,
          0.32404303, 0.33348709, 0.34289781, 0.35227423, 0.36161543,
          0.37092047, 0.38018842, 0.38941834, 0.39860933, 0.40776045, 0.4168708,
          0.42593947, 0.43496553, 0.44394811, 0.45288629, 0.46177918,
          0.47062589, 0.47942554, 0.48817725, 0.49688014, 0.50553334,
          0.51413599, 0.52268723, 0.5311862, 0.53963205, 0.54802394, 0.55636102,
          0.56464247, 0.57286746, 0.58103516, 0.58914476, 0.59719544,
          0.60518641, 0.61311685, 0.62098599, 0.62879302, 0.63653718,
          0.64421769, 0.65183377, 0.65938467, 0.66686964, 0.67428791,
          0.68163876, 0.68892145, 0.69613524, 0.70327942, 0.71035327,
          0.71735609, 0.72428717, 0.73114583, 0.73793137, 0.74464312,
          0.75128041, 0.75784256, 0.76432894, 0.77073888, 0.77707175,
          0.78332691, 0.78950374, 0.79560162, 0.80161994, 0.8075581, 0.8134155,
          0.81919157, 0.82488571, 0.83049737, 0.83602598
        ]
      }
    },
    {
      "name": "coil2",
      "position": [
        [0.0, 2.0943951023931953],
        [1.0, 2.0943951023931953]
      ],
      "flux": {
        "time": [
          0.0, 0.01, 0.02, 0.03, 0.04, 0.05, 0.06, 0.07, 0.08, 0.09, 0.1, 0.11,
          0.12, 0.13, 0.14, 0.15, 0.16, 0.17, 0.18, 0.19, 0.2, 0.21, 0.22, 0.23,
          0.24, 0.25, 0.26, 0.27, 0.28, 0.29, 0.3, 0.31, 0.32, 0.33, 0.34, 0.35,
          0.36, 0.37, 0.38, 0.39, 0.4, 0.41, 0.42, 0.43, 0.44, 0.45, 0.46, 0.47,
          0.48, 0.49, 0.5, 0.51, 0.52, 0.53, 0.54, 0.55, 0.56, 0.57, 0.58, 0.59,
          0.6, 0.61, 0.62, 0.63, 0.64, 0.65, 0.66, 0.67, 0.68, 0.69, 0.7, 0.71,
          0.72, 0.73, 0.74, 0.75, 0.76, 0.77, 0.78, 0.79, 0.8, 0.81, 0.82, 0.83,
          0.84, 0.85, 0.86, 0.87, 0.88, 0.89, 0.9, 0.91, 0.92, 0.93, 0.94, 0.95,
          0.96, 0.97, 0.98, 0.99
        ],
        "data": [
          1.0, 0.99995, 0.99980001, 0.99955003, 0.99920011, 0.99875026,
          0.99820054, 0.997551, 0.99680171, 0.99595273, 0.99500417, 0.9939561,
          0.99280864, 0.99156189, 0.990216, 0.98877108, 0.98722728, 0.98558477,
          0.98384369, 0.98200424, 0.98006658, 0.97803091, 0.97589745, 0.9736664,
          0.97133797, 0.96891242, 0.96638998, 0.9637709, 0.96105544, 0.95824388,
          0.95533649, 0.95233357, 0.94923542, 0.94604234, 0.94275467,
          0.93937271, 0.93589682, 0.93232735, 0.92866464, 0.92490906,
          0.92106099, 0.91712082, 0.91308894, 0.90896575, 0.90475166, 0.9004471,
          0.8960525, 0.89156829, 0.88699492, 0.88233286, 0.87758256, 0.87274451,
          0.86781918, 0.86280707, 0.85770868, 0.85252452, 0.84725511,
          0.84190098, 0.83646265, 0.83094068, 0.82533561, 0.81964802,
          0.81387846, 0.80802751, 0.80209576, 0.7960838, 0.78999223, 0.78382167,
          0.77757272, 0.77124601, 0.76484219, 0.75836188, 0.75180573, 0.7451744,
          0.73846856, 0.73168887, 0.72483601, 0.71791067, 0.71091354,
          0.70384532, 0.69670671, 0.68949843, 0.68222121, 0.67487576,
          0.66746283, 0.65998315, 0.65243747, 0.64482655, 0.63715114,
          0.62941203, 0.62160997, 0.61374575, 0.60582016, 0.59783398,
          0.58978803, 0.58168309, 0.57351999, 0.56529953, 0.55702255, 0.54868986
        ]
      }
    },
    {
      "name": "coil3",
      "position": [
        [0.0, 3.141592653589793],
        [1.0, 3.141592653589793]
      ],
      "flux": {
        "time": [
          0.0, 0.01, 0.02, 0.03, 0.04, 0.05, 0.06, 0.07, 0.08, 0.09, 0.1, 0.11,
          0.12, 0.13, 0.14, 0.15, 0.16, 0.17, 0.18, 0.19, 0.2, 0.21, 0.22, 0.23,
          0.24, 0.25, 0.26, 0.27, 0.28, 0.29, 0.3, 0.31, 0.32, 0.33, 0.34, 0.35,
          0.36, 0.37, 0.38, 0.39, 0.4, 0.41, 0.42, 0.43, 0.44, 0.45, 0.46, 0.47,
          0.48, 0.49, 0.5, 0.51, 0.52, 0.53, 0.54, 0.55, 0.56, 0.57, 0.58, 0.59,
          0.6, 0.61, 0.62, 0.63, 0.64, 0.65, 0.66, 0.67, 0.68, 0.69, 0.7, 0.71,
          0.72, 0.73, 0.74, 0.75, 0.76, 0.77, 0.78, 0.79, 0.8, 0.81, 0.82, 0.83,
          0.84, 0.85, 0.86, 0.87, 0.88, 0.89, 0.9, 0.91, 0.92, 0.93, 0.94, 0.95,
          0.96, 0.97, 0.98, 0.99
        ],
        "data": [
          0.0, 0.01000033, 0.02000267, 0.030009, 0.04002135, 0.05004171,
          0.0600721, 0.07011456, 0.0801711, 0.09024379, 0.10033467, 0.11044582,
          0.12057934, 0.13073732, 0.14092189, 0.15113522, 0.16137946,
          0.17165682, 0.18196953, 0.19231984, 0.20271004, 0.21314244,
          0.22361942, 0.23414336, 0.2447167, 0.25534192, 0.26602154, 0.27675814,
          0.28755433, 0.29841279, 0.30933625, 0.32032751, 0.33138941,
          0.34252487, 0.35373688, 0.36502849, 0.37640285, 0.38786316,
          0.39941272, 0.41105492, 0.42279322, 0.4346312, 0.44657255, 0.45862102,
          0.47078053, 0.48305507, 0.49544877, 0.5079659, 0.52061084, 0.53338815,
          0.54630249, 0.55935872, 0.57256183, 0.58591701, 0.59942962,
          0.61310521, 0.62694954, 0.64096855, 0.65516845, 0.66955565,
          0.68413681, 0.69891886, 0.71390901, 0.72911473, 0.74454382, 0.7602044,
          0.77610491, 0.79225417, 0.80866138, 0.82533611, 0.84228838,
          0.85952867, 0.8770679, 0.89491753, 0.91308953, 0.93159646, 0.95045146,
          0.96966833, 0.98926154, 1.00924629, 1.02963856, 1.05045514,
          1.07171372, 1.09343292, 1.11563235, 1.13833271, 1.16155586,
          1.18532486, 1.20966412, 1.23459946, 1.26015822, 1.28636938, 1.3132637,
          1.34087383, 1.36923448, 1.39838259, 1.42835749, 1.45920113,
          1.49095827, 1.52367674
        ]
      }
    }
  ]
}
